Education,Tariffs,Immigration,Health,Medicare,Veterans,Funding,Agriculture,Energy,Transportation,Law,Employment,Healthcare,Military,Budget,Conservation,Accountability,Grants,Tax,Investment,Innovation,Safety,Regulation,Transparency,Assistance,Discrimination,Housing,National Security,Disaster
Education,Tariffs,Immigration,,,,,Agriculture,Energy,Transportation,Law,Employment,Healthcare,Military,Budget,Conservation,Accountability,Grants,Tax,Investment,Innovation,Safety,Regulation,Transparency,Assistance,Discrimination,Housing,National Security,Disaster
,,Citizenship,,,Atomic Veterans,,Agricultural Protection,Wind Energy,,,Jobs Act,,Veterans,,Preservation,,Funding,Tax Deductions,Foreign Investment,Technology,,E-commerce Regulation,,Financial Assistance,Fairness Act,Housing Assistance,Security,Disaster Declarations
Teachers,Tariff,,,Medicaid,,,,,Travel,Civil Law,,Medicare,Military Pay,,,Cost Accountability,Scholarship Funding,Tobacco Taxation,,,Protection,Banking Regulation,Government Transparency,Technical Assistance,,Affordable Housing,,Disaster Alerts
Higher Education,Trade Agreements,,Mental Health,,Veterans Education,Federal Financing,Farmers,Solar Energy,Public Transit,Legal Prohibition,Businesses,Health Insurance,Military Contracts,Spending,Land Conservation,Accountability Act,Education Grants,Tax Recognition,Investment Act,Advancement,Student Safety,Securities Regulation,Transparency Act,,Workplace Discrimination,Housing Opportunity,Homeland Security,Disaster Relief
Education Reform,Trade Enforcement,Immigration Enforcement,,,Veterans' Education,Appropriations,Farming Act,Energy Efficiency,Freight Infrastructure,Gun Law,Employer,Public Health,,Budget Enforcement,Conservation Area,Integrity,Taxpayer Funding,Tax Code,Capital Investment,Vehicle Innovation,Safety Measures,Environmental Regulations,Data Transparency,Public Assistance,Economic Fairness,Housing Wage,Security Assistance,Disaster Declaration
Community Education,Import Subsidies,Immigration Reform,Health Injury,,Veteran Skills,Program Funds,Agricultural Practices,Alternative Energy,Transportation Funding,Law Change,Employee,Health,Armed Forces,Budget cuts,Water Conservation,Executive Accountability,Pell Grant,Tax Credit,Social Investment,Technology Innovation,Public Safety,Legislation,Spending Transparency,Payment Assistance,Employment Discrimination,,Defense Authorization,Natural Disasters
STEM Education,Tariff Schedule,Immigration Law,Health Benefits,Medicare Program,Veterans Employment,Research Funding,Agricultural Research,Energy Use,Transportation Equity,Legal Protections,Labor,Health Care,,Budget Resources,Wildlife Conservation,payer Accountability,Grant,Tax Exemptions,Investment Protection,Patents,Railroad Safety,Utility Regulation,,Student Assistance,,Housing Preservation,National Guard,Disaster Area
Education Act,International Trade,Deportation,,Medicare Enrollment,Veterans Affairs,,Agricultural Contamination,Nuclear Energy,Nonmotorized Transportation,,Job Training,Healthcare Access,Military Heritage,Budget Control,Conservation Act,Management Accountability,,Estate Tax,Investment Credit,Education Innovation,,Banking Regulations,,Employer Assistance,Discriminatory Taxation,Rural Housing,Border Security,Catastrophe Risk
Teaching,Global Trade,Immigration Laws,,Medicare/Medicaid,Veterans' Outreach,,Farming,Clean Energy,Rail Transportation,Copyright Law,Employment Rights,Hospitals,Military Valor,Spending Limits,Ocean Conservation,Czar Accountability,Grant Program,Payroll Tax,Retraining Investment,Innovative Technology,Consumer Safety,Regulatory Authority,,Federal Assistance,Disability Discrimination,Public Housing,Secret Service,Disaster Response
Education Reporting,International trade,Amnesty,Child Health,,,,Agricultural Commodity,Energy Production,Transportation Infrastructure,Legal Proceedings,Job Creation,Healthcare Policy,Troops-to-Cops,Spending Reduction,Habitat Conservation,Police Accountability,Nutrition Grants,Taxation,Funds,Innovative Approaches,Safety Standards,Regulations,,Medical Assistance,Abortion Discrimination,Rentals,National Service,Major Disasters
Educational Institutions,Tariff Amendment,Immigration Policy,Health Information,Medicare Regulations,Veterans Benefits,HHS Funding,Farmers Act,Energy Project,Transportation Policy,Enforcement,Indian Employment,Obamacare,Military Recruitment,Annual Budget,Conservation Funds,Guardian Accountability,Federal Funding,Tax Relief,Reinvestment,Educational Innovations,Safety Regulations,,,Assistance Compact,Religious Discrimination,Neighborhoods,Overseas Security,Emergency
Education Savings,Trade Laws,Illegal Aliens,Women's Health,Medicare Incentives,,Emergency Appropriations,Farming Regulations,Energy Research,Transportation Technology,Jurisdiction,Jobs,Healthcare Funding,Military Commissions,Budget Reform,Conservation Fund,,Grants Act,Taxes,Private Investment,Innovative Technologies,Concussion Safety,Policy,,ernment Assistance,Discrimination Claims,Manufactured Housing,Security Act,Disaster Assistance
Adult Education,Trade agreements,Visa,Cardiac Health,Medicare Beneficiaries,Homeless Veterans,,Specialty Crops,Renewable Energy,Transportation costs,Legal,Employment Benefits,Health Services,Uniformed Services,Government Spending,Forest Conservation,,Federal Grants,Income,Financial Investments,Startup Innovation,Safety Requirements,Alcohol Regulation,,Education Assistance,Affirmative Action,Accommodation,Security Council,Crisis Response
Schools,,Refugees,Disease,Medicare Fraud,Veterans' Services,Fundraising,Livestock,Energy Development,Transport,Legal Services,Opportunities,Health Security,Army,Affordable,Conservation Biology,,Funding Program,Internet Tax,Investments,Manufacturing Innovation,Community Safety,Regulatory Requirements,,School Assistance,Non-Discrimination,Housing Discrimination,National Defense,Health Emergencies
,,Border Protection,Health Survey,Medicare Coverage,Veteran Health,Federal Funds,Agricultural Biotechnology,Energy Generation,,State Laws,Unemployment,,Duty,Budget Resolutions,Energy Conservation,,Grants Program,Tax Simplification,Sustainable Investment,Innovation Act,Patient Safety,Hospital Regulation,,Grant Assistance,Religious discrimination,Student Housing,Security Systems,Natural Disaster
Science Education,,Immigration Crime,Global Health,Medicare Improvements,Veterans Transition,DOE Funding,Community-Supported Agriculture,Energy Policy,Transit,Courts,Employment Access,Health Reform,Military Construction,Budget Act,Conservation Programs,,Mesquite Grants,Income Tax,Investment Visa,Innovation Inducement,SAFE Act,Financial Regulation,,Assistance Act,Employer Discrimination,Senior Housing,Information Security,Disaster Loans
Teacher Education,,Immigration Concerns,,Medicare Adjustments,Veterans Health,,Agriculture Promotion,Energy Costs,Surface Transportation,Federal Law,,Medical Treatment,Military Skills,Budget Reduction,,,,Taxpayers,Capital Investments,,Food Safety,Regulatory Loopholes,,International Assistance,,Housing Authority,,Disaster Savings
Education Programs,,Immigration Control,Health Conditions,Medicare Payment,,,Agricultural Trade,Energy Access,Water Transportation,International Law,Self Employment,Health Centers,Soldiers,Budget Coordination,,,Institutional Grants,Tax Repeal,Investment Returns,,Produce Safety,Regulatory Relief,,Emergency Assistance,,Workforce Housing,,Disaster Recovery
Learning,,Immigrants,Children's Health,Medicare Advantage,Hmong Veterans,Donation,Food Production,Energy Resources,Transportation Research,,Hiring,Medical Care,Special Forces,Federal Budget,,,Competitive Grants,Gift Tax,Hedge Funds,,Transportation Safety,Regulatory Decrees,,Legal Assistance,,Housing Units,,Disaster Protection
Educator Training,,Criminal Immigration,,Medicare Payments,Veterans Advocacy,Defense Funding,Farm,Energy Assistance,Alien Transportation,Environmental Law,Workforce Development,Health Workers,Military Personnel,Cost,,,Government Funding,Tax Law,Finance,,Motorcycle Safety,Regulatory Analysis,,Technical assistance,,Real Estate,,
Language Education,,Border Violence,Home Health,Medicare Transparency,,Campaign Funding,,Fossil Energy,Public Transportation,Laws,Jobs Preservation,Health Programs,Military Justice,Budget Resolution,,,,Tax Reform,Community Investment,,School Safety,Regulatory constraints,,Assistance Fund,,Temporary Housing,,Disaster Expenses
,,,Minority Health,Medicare DMEPOS,Veterans Care,Financing Mechanisms,,Energy Needs,Transportation Security,Contract Law,,Healthcare Research,Navy,Congressional Budget,,,Research Grants,Taxpayer,Investor Protection,,Fire Safety,Internet Regulation,,Employment Assistance,,Elderly Housing,,Disaster Risk
,,,Animal Health,Medicare Imaging,Veterans Day,,,Energy Savings,Emergency Transportation,Legal Authority,Employment Verification,Medicine,Iraq War,Budget Submissions,,,State Grants,,,,Safety Devices,Regulatory Compliance,,Government Assistance,,Rental Dwelling,,
Indian Education,,,Student Health,Medicare Beneficiary,Veterans Pensions,Education Funding,,Coal Energy,Transportation Funds,Statutes,Employment Requirement,Healthcare Transparency,Military Capabilities,President's Budget,,,CDC Grants,Corporate Taxation,,,Drug Safety,Regulatory Consistency,,Economic Assistance,,Veterans Housing,,
,,,,Medicare Amendments,Veterans' Benefits,SCHIP Funding,,Energy Management,Transportation Systems,Foreign Law,Jobs Creation,Healthcare Shortage,War,Budget Proposal,,,Cemetery Grant,Flat Tax,,,Highway Safety,Government Regulation,,Loan Assistance,,Tenants,,
Education Curriculum,,,Health Empowerment,Medicare Diagnostics,Filipino Veterans,Funding Act,,Waste-to-Energy,Transportation Reports,Legal Actions,Labor Law,Hospital Services,Military Education,Budget Reductions,,,Fire Grants,Tax Credits,,,Child Safety,Self-Regulation,,Educational Assistance,,Homeowners,,
College,,,Wellness,Medicaid Programs,Veterans' Compensation,Campaign Finance,,,Freight Transportation,Mining Laws,Employment Displacement,Healthcare Workforce,Military Department,Budgetary Accuracy,,,ITS Grants,Tobacco Tax,,,Internet Safety,Insurance Regulation,,Assistance Extension,,Housing Policy,,
Education Matters,,,Health Research,,Veterans' Careers,,,Energy Allocation,Commercial Cargo,Litigation,Workforce,Medical,Military Service,,,,Government Grants,Excise Tax,,,Safety Incentives,Energy Regulation,,Defense Assistance,,Low-Income Housing,,
Literacy Education,,,,,Veterans Act,,,Energy Revenues,Highways,Enforcement Act,Workers,Health Education,,,,,Land Grants,Tax Returns,,,Water Safety,Regulatory Priorities,,US Assistance,,,,
Medical Education,,,,,Veterans' Rights,Emergency Funding,,,Horse Transportation,Personnel Law,Labor Rights,Healthcare Professionals,Military Children,,,,,Tax Exemption,,,Safety Improvement,Regulatory Equity,,Manufacturing Assistance,,,,
,,,Health Status,,,Funding Restrictions,,Energy Independence,,,Employment Restrictions,Healthcare Reform,Iraq,,,,,Tax Preferences,,,Gun Safety,Healthcare Regulation,,Family Assistance,,,,
Education Infrastructure,,,,,Veteran Benefits,Lapsed Appropriations,,Energy Property,Transportation Programs,,Employment Training,Physicians' services,Military Treatment,,,,,Tax Refunds,,,Product Safety,Regulatory Reform,,,,,,
Sexual Education,,,Chronic Illness,,Veteran Rights,,,Energy Star,Marine Transportation,,Labor Laws,Hospital Care,Military Base,,,,,Tax Policy,,,Equipment Safety,Regulation Review,,,,,,
Educational Freedom,,,Health Behavior,,,Incentive Fund,,Energy Mix,Transportation Efficiency,,Workforce Advancement,Healthcare Measurement,Active Duty,,,,,IRS,,,Mine Safety,Transportation Regulation,,,,,,
Education Policy,,,9/11 Health,,Veteran Recognition,NIH Funding,,,Trucking,,Employment Gains,,Military service,,,,,Tax Deduction,,,Safety Act,Regulation Repeal,,,,,,
Provider Education,,,Medical Conditions,,Veteran Transparency,Financing,,,,,Wages,Health Workforce,Military operations,,,,,Tax Obligation,,,Safety Upgrades,Regulation Modification,,,,,,
Men's Education,,,Health Examination,,,GSE Funding,,,,,Labor Organization,Affordable Care,Military Force,,,,,Tax Contributions,,,Aviation Safety,Commerce Regulation,,,,,,
Public Education,,,Environmental Health,,Veterans' Memorials,Fund Establishment,,,,,Labor Relations,Quality Care,Veteran Corps,,,,,Tax Incentive,,,Newborn Safety,Tobacco Regulation,,,,,,
Early Education,,,,,Service-Disabled Veterans,Donations,,,,,Employment Information,Physicians,Combat Service,,,,,Corporate Taxes,,,Campus Safety,Regulatory Transparency,,,,,,
Education Incentives,,,,,,,,,,,Job Continuity,Medical Access,Air Force,,,,,Tax Administration,,,Safety Net,Cosmetic Regulation,,,,,,
,,,Healthy,,,Victims Fund,,,,,,Rural Healthcare,Army Programs,,,,,Sales Tax,,,Lead Safety,Environmental Regulation,,,,,,
Education Program,,,Physical Health,,Military Survivors,,,,,,Manufacturing Employment,Healthcare Procedures,Troops,,,,,Border Tax,,,Family Safety,,,,,,,
School Teachers,,,Men's Health,,Veteran-Owned Businesses,,,,,,Labor Organizations,Physician Services,Military Health,,,,,Import Tax,,,Risk,,,,,,,
Educational Programs,,,,,Veterans' Burial,USPTO Funding,,,,,Employer Obligations,,Military Injury,,,,,Payroll Taxes,,,Boating Safety,,,,,,,
Educational Parity,,,Healthy Lifestyles,,Veterans' Assistance,,,,,,Work,,Military Voters,,,,,Death Tax,,,Hospital Safety,,,,,,,
Education Partnerships,,,Allied Health,,Veteran Outreach,,,,,,Workplace,,American Legion,,,,,Government-imposed taxes,,,Safety assessment,,,,,,,
Education Improvement,,,Native Health,,Veteran's Loan,Advance Appropriations,,,,,Employees,,Military Training,,,,,Tax Reporting,,,Safety Studies,,,,,,,
Education Standards,,,Health Outcomes,,Veterans Claims,Financing Initiative,,,,,Job Access,,Corps,,,,,Tax Rates,,,Safety Inspections,,,,,,,
International Education,,,Health IT,,Veterans Insurance,Fisheries Funding,,,,,Employers,,,,,,,Employment Taxes,,,Safety Notices,,,,,,,
Education Benefits,,,Healthy habits,,Veteran Employment,Crowdfunding,,,,,Employer Policies,,,,,,,Business Taxes,,,Train Safety,,,,,,,
,,,Health Protection,,Eligible Veterans,Charity,,,,,Self-Employment,,,,,,,Tax Act,,,,,,,,,,
,,,,,Veterans' Housing,Election Funding,,,,,Gainful Employment,,,,,,,Tax Evasion,,,,,,,,,,
,,,,,Disabled Veterans,,,,,,,,,,,,,Tax Exclusion,,,,,,,,,,
,,,,,Veterans' Care,Development Finance,,,,,Work Activity,,,,,,,Tax Fraud,,,,,,,,,,
,,,,,Veteran Care,,,,,,Job Growth,,,,,,,Tax Exempt,,,,,,,,,,
,,,,,Rural Veterans,Continuing Appropriations,,,,,Employer Participation,,,,,,,Tax Incentives,,,,,,,,,,
,,,,,Veterans' Health,,,,,,Job,,,,,,,Tax-exempt,,,,,,,,,,
,,,,,,,,,,,,,,,,,,Tax Expenditures,,,,,,,,,,
,,,,,Veterans Memorials,,,,,,,,,,,,,Tax Benefits,,,,,,,,,,
,,,,,Veteran Unemployment,,,,,,,,,,,,,Revenue,,,,,,,,,,
,,,,,,,,,,,,,,,,,,IRS Act,,,,,,,,,,
,,,,,,,,,,,,,,,,,,Tax Debt,,,,,,,,,,
,,,,,,,,,,,,,,,,,,Tax Crimes,,,,,,,,,,
,,,,,,,,,,,,,,,,,,Tax Collection,,,,,,,,,,
,,,,,,,,,,,,,,,,,,Tax Fairness,,,,,,,,,,
,,,,,,,,,,,,,,,,,,Tax Snooping,,,,,,,,,,
,,,,,,,,,,,,,,,,,,IRS Policy,,,,,,,,,,
,,,,,,,,,,,,,,,,,,Tax Audit,,,,,,,,,,
,,,,,,,,,,,,,,,,,,Service Tax,,,,,,,,,,
,,,,,,,,,,,,,,,,,,Jurisdiction Tax,,,,,,,,,,
,,,,,,,,,,,,,,,,,,International Tax,,,,,,,,,,
,,,,,,,,,,,,,,,,,,LNG Tax,,,,,,,,,,
,,,,,,,,,,,,,,,,,,Environmental Tax,,,,,,,,,,
,,,,,,,,,,,,,,,,,,Tax Reduction,,,,,,,,,,
,,,,,,,,,,,,,,,,,,Sales Taxes,,,,,,,,,,
,,,,,,,,,,,,,,,,,,Energy Tax,,,,,,,,,,
,,,,,,,,,,,,,,,,,,Tax Checkoff,,,,,,,,,,
,,,,,,,,,,,,,,,,,,Tax Planning,,,,,,,,,,
,,,,,,,,,,,,,,,,,,Tax Liability,,,,,,,,,,
